{
  "t": {
    "(1, 0)": 0.10285714285714287,
    "(1, 1)": 0.3085714285714286,
    "(2, 0)": 0.20571428571428574,
    "(2, 1)": 0.20571428571428574
  },
  "Q": 10,
  "K": [
    0,
    1,
    2,
    3,
    4
  ]
}