{
  "t": {
    "(1, 0)": 0.10285714285714287,
    "(1, 1)": 0.10285714285714287,
    "(1, 2)": 0.3085714285714286,
    "(1, 3)": 0.3085714285714286,
    "(2, 0)": 0.20571428571428574,
    "(2, 1)": 0.20571428571428574,
    "(2, 2)": 0.20571428571428574,
    "(2, 3)": 0.20571428571428574
  },
  "Q": 10,
  "K": [
    0,
    1,
    2,
    3,
    4,
    5,
    6,
    7,
    8,
    9,
    10,
    11,
    12,
    13,
    14,
    15,
    16,
    17,
    18,
    19
  ]
}