{
  "t": {
    "(1, 0)": 0.3085714285714286,
    "(1, 1)": 0.3085714285714286,
    "(1, 2)": 0.10285714285714287,
    "(1, 3)": 0.10285714285714287,
    "(1, 4)": 0.10285714285714287,
    "(1, 5)": 0.10285714285714287,
    "(2, 0)": 0.10285714285714287,
    "(2, 1)": 0.20571428571428574,
    "(2, 2)": 0.10285714285714287,
    "(2, 3)": 0.20571428571428574,
    "(2, 4)": 0.20571428571428574,
    "(2, 5)": 0.20571428571428574,
    "(3, 0)": 0.10285714285714287,
    "(3, 1)": 0.10285714285714287,
    "(3, 2)": 0.3085714285714286,
    "(3, 3)": 0.10285714285714287,
    "(3, 4)": 0.10285714285714287,
    "(3, 5)": 0.3085714285714286,
    "(4, 0)": 0.10285714285714287,
    "(4, 1)": 0.3085714285714286,
    "(4, 2)": 0.10285714285714287,
    "(4, 3)": 0.3085714285714286
  },
  "Q": 8,
  "K": [
    0,
    1,
    2,
    3,
    4,
    5,
    6,
    7,
    8,
    9,
    10,
    11,
    12,
    13,
    14,
    15,
    16,
    17,
    18,
    19
  ]
}