route,ref,name,geometry
bus,1,Line 1,"LINESTRING (397987.4026343119 4992184.126667085, 397835.0138270573 4992430.7277923, 397686.349330736 4992699.641154975, 397638.4472880652 4992922.590670317, 397537.3861724383 4992976.097092278)"
bus,2,Line 2,"LINESTRING (397125.76602822193 4990204.671260444, 397020.00077743025 4990453.4937597485, 396894.2703488672 4990517.708424353, 397183.5244430357 4990661.398322526, 397391.5579621218 4990885.2018428035)"
